{"cameraMode":{"drawMode":0,"name":"Shaded","section":"Shading Mode"},"sceneLighting":true,"audioPlay":false,"sceneViewState":{"m_AlwaysRefresh":false,"showFog":true,"showSkybox":true,"showFlares":true,"showImageEffects":true,"showParticleSystems":true,"showVisualEffectGraphs":true,"m_FxEnabled":true},"in2DMode":false,"pivot":{"x":0.03337430953979492,"y":1.8499600887298585,"z":-0.09650158882141113},"rotation":{"x":-0.015829309821128846,"y":-0.7999182939529419,"z":0.021122951060533525,"w":-0.5995690226554871},"size":3.06634521484375,"orthographic":true}