{"cameraMode":{"drawMode":0,"name":"Shaded","section":"Shading Mode"},"sceneLighting":true,"audioPlay":false,"sceneViewState":{"m_AlwaysRefresh":false,"showFog":true,"showSkybox":true,"showFlares":true,"showImageEffects":true,"showParticleSystems":true,"showVisualEffectGraphs":true,"m_FxEnabled":true},"in2DMode":false,"pivot":{"x":0.44066375494003298,"y":0.8634659051895142,"z":3.4321675300598146},"rotation":{"x":-0.012557092122733593,"y":0.08389460295438767,"z":0.0010572876781225205,"w":0.9963950514793396},"size":2.5782315731048586,"orthographic":false}