{"cameraMode":{"drawMode":0,"name":"Shaded","section":"Shading Mode"},"sceneLighting":true,"audioPlay":false,"sceneViewState":{"m_AlwaysRefresh":false,"showFog":true,"showSkybox":true,"showFlares":true,"showImageEffects":true,"showParticleSystems":true,"showVisualEffectGraphs":true,"m_FxEnabled":true},"in2DMode":false,"pivot":{"x":-16.447214126586915,"y":7.93483829498291,"z":26.66267967224121},"rotation":{"x":0.021618695929646493,"y":-0.2767658531665802,"z":0.006228359416127205,"w":0.9606750011444092},"size":18.477731704711915,"orthographic":false}