{"cameraMode":{"drawMode":0,"name":"Shaded","section":"Shading Mode"},"sceneLighting":true,"audioPlay":false,"sceneViewState":{"m_AlwaysRefresh":false,"showFog":true,"showSkybox":true,"showFlares":true,"showImageEffects":true,"showParticleSystems":true,"showVisualEffectGraphs":true,"m_FxEnabled":true},"in2DMode":false,"pivot":{"x":-4.811739444732666,"y":6.063547611236572,"z":0.7579808235168457},"rotation":{"x":-0.03253806754946709,"y":0.8876269459724426,"z":-0.06348510086536408,"w":-0.45502832531929018},"size":3.8065006732940676,"orthographic":false}